{
  "dataset": "Fashion-MNIST",
  "model": "SimpleCNN",
  "parameters": 458570,
  "fp32": {
    "accuracy": 92.19,
    "latency_ms": 0.17358614957030816,
    "model_size_mb": 1.753225326538086
  },
  "int8_ptq": {
    "accuracy": 92.2,
    "latency_ms": 0.09664796481404124,
    "model_size_mb": 0.6024913787841797,
    "accuracy_drop": -0.010000000000005116,
    "compression_ratio": 2.9099591932353843
  }
}